Date,Adj Close
03.01.2000,29.43
04.01.2000,28.82
05.01.2000,29.29
06.01.2000,28.87
07.01.2000,29.62
10.01.2000,29.75
11.01.2000,30.45
12.01.2000,31.75
13.01.2000,31.42
14.01.2000,31.64
18.01.2000,30.82
19.01.2000,31.47
20.01.2000,31.61
21.01.2000,30.49
24.01.2000,29.33
25.01.2000,29.56
26.01.2000,26.55
27.01.2000,27.94
28.01.2000,27.29
31.01.2000,27.76
01.02.2000,27.2
02.02.2000,26.36
03.02.2000,25.99
04.02.2000,26.09
07.02.2000,25.95
08.02.2000,26.96
09.02.2000,26.65
10.02.2000,26.36
11.02.2000,25.95
14.02.2000,25.16
15.02.2000,25.06
16.02.2000,24.79
17.02.2000,25.06
18.02.2000,24.14
22.02.2000,23.99
23.02.2000,24.23
24.02.2000,23.3
25.02.2000,23.02
28.02.2000,23.11
29.02.2000,23.58
01.03.2000,23.21
02.03.2000,22.92
03.03.2000,23.99
06.03.2000,23.44
07.03.2000,22.18
08.03.2000,22.84
09.03.2000,23.76
10.03.2000,23.58
13.03.2000,24.09
14.03.2000,22.65
15.03.2000,24.14
16.03.2000,25.29
17.03.2000,25.11
20.03.2000,25.67
21.03.2000,26.18
22.03.2000,26.18
23.03.2000,26.13
24.03.2000,25.85
27.03.2000,25.81
28.03.2000,26.09
29.03.2000,27.34
30.03.2000,27.94
31.03.2000,27.76
03.04.2000,28.59
04.04.2000,28.61
05.04.2000,28.64
06.04.2000,27.48
07.04.2000,27.48
10.04.2000,27.02
11.04.2000,27.99
12.04.2000,26.96
13.04.2000,25.35
14.04.2000,24.92
17.04.2000,25.02
18.04.2000,24.14
19.04.2000,24.55
20.04.2000,26.59
24.04.2000,28.96
25.04.2000,28.78
26.04.2000,28.87
27.04.2000,28.82
28.04.2000,28.26
01.05.2000,28.87
02.05.2000,29.1
03.05.2000,27.71
04.05.2000,26.55
05.05.2000,26.5
08.05.2000,26.59
09.05.2000,27.48
10.05.2000,28.69
11.05.2000,28.36
12.05.2000,27.89
15.05.2000,28.36
16.05.2000,29.1
17.05.2000,29.01
18.05.2000,28.69
19.05.2000,28.08
22.05.2000,28.87
23.05.2000,29.06
24.05.2000,28.78
25.05.2000,27.71
26.05.2000,28.03
30.05.2000,27.15
31.05.2000,26.59
01.06.2000,26.46
02.06.2000,26.83
05.06.2000,26.36
06.06.2000,26.09
07.06.2000,25.9
08.06.2000,26.32
09.06.2000,25.16
12.06.2000,24.23
13.06.2000,24.05
14.06.2000,23.58
15.06.2000,23.86
16.06.2000,23.25
19.06.2000,23.39
20.06.2000,23.39
21.06.2000,23.25
22.06.2000,23.35
23.06.2000,24.23
26.06.2000,24.83
27.06.2000,24.28
28.06.2000,23.93
29.06.2000,23.21
30.06.2000,24.46
03.07.2000,24.14
05.07.2000,23.62
06.07.2000,23.91
07.07.2000,24.14
10.07.2000,23.95
11.07.2000,24.18
12.07.2000,23.76
13.07.2000,23.39
14.07.2000,23.3
17.07.2000,23.25
18.07.2000,23.25
19.07.2000,23.3
20.07.2000,23.53
21.07.2000,22.92
24.07.2000,22.46
25.07.2000,23.25
26.07.2000,23.53
27.07.2000,23.91
28.07.2000,23.76
31.07.2000,23.53
01.08.2000,24.23
02.08.2000,24.83
03.08.2000,24.69
04.08.2000,24.79
07.08.2000,25.02
08.08.2000,24.88
09.08.2000,24.28
10.08.2000,24.37
11.08.2000,24.83
14.08.2000,24.74
15.08.2000,24.09
16.08.2000,24.05
17.08.2000,23.21
18.08.2000,23.44
21.08.2000,23.44
22.08.2000,23.25
23.08.2000,23.16
24.08.2000,22.55
25.08.2000,22.55
28.08.2000,22.55
29.08.2000,22.61
30.08.2000,22.55
31.08.2000,22.2
01.09.2000,21.95
05.09.2000,22.05
06.09.2000,22.37
07.09.2000,21.91
08.09.2000,21.35
11.09.2000,21.07
12.09.2000,21.54
13.09.2000,20.19
14.09.2000,20.24
15.09.2000,20.79
18.09.2000,21.16
19.09.2000,20.7
20.09.2000,20.56
21.09.2000,20.05
22.09.2000,21.31
25.09.2000,21.86
26.09.2000,22.18
27.09.2000,22.18
28.09.2000,22.18
29.09.2000,22.42
02.10.2000,22.32
03.10.2000,22.46
04.10.2000,22.28
05.10.2000,22.37
06.10.2000,22.18
09.10.2000,22.32
10.10.2000,22.23
11.10.2000,22.28
12.10.2000,21.07
13.10.2000,21.44
16.10.2000,21.54
17.10.2000,20.79
18.10.2000,20.84
19.10.2000,20.7
20.10.2000,20.98
23.10.2000,21.63
24.10.2000,21.63
25.10.2000,21.54
26.10.2000,21.49
27.10.2000,22.09
30.10.2000,23.16
31.10.2000,23.02
01.11.2000,23.48
02.11.2000,23.72
03.11.2000,24.05
06.11.2000,23.76
07.11.2000,23.58
08.11.2000,23.48
09.11.2000,23.58
10.11.2000,24.55
13.11.2000,24.71
14.11.2000,25
15.11.2000,24.9
16.11.2000,24.44
17.11.2000,25
20.11.2000,25.04
21.11.2000,25.37
22.11.2000,25.6
24.11.2000,25.18
27.11.2000,23.87
28.11.2000,23.36
29.11.2000,24.29
30.11.2000,23.82
01.12.2000,23.13
04.12.2000,23.5
05.12.2000,22.8
06.12.2000,22.14
07.12.2000,22.61
08.12.2000,22.05
11.12.2000,22.38
12.12.2000,23.07
13.12.2000,23.26
14.12.2000,23.59
15.12.2000,23.55
18.12.2000,24.15
19.12.2000,24.58
20.12.2000,23.45
21.12.2000,24.44
22.12.2000,24.44
26.12.2000,24.29
27.12.2000,24.76
28.12.2000,25.32
29.12.2000,25.41
02.01.2001,25.04
03.01.2001,25.18
04.01.2001,24.67
05.01.2001,24.62
08.01.2001,24.67
09.01.2001,24.71
10.01.2001,24.81
11.01.2001,24.44
12.01.2001,25.14
16.01.2001,25.51
17.01.2001,25.93
18.01.2001,25.14
19.01.2001,24.52
22.01.2001,25.04
23.01.2001,24.58
24.01.2001,23.03
25.01.2001,22.1
26.01.2001,21.68
29.01.2001,22.07
30.01.2001,22.01
31.01.2001,21.94
01.02.2001,21.7
02.02.2001,22
05.02.2001,21.95
06.02.2001,22.45
07.02.2001,21.88
08.02.2001,21.93
09.02.2001,22.25
12.02.2001,22.3
13.02.2001,22.42
14.02.2001,21.86
15.02.2001,22.48
16.02.2001,22.59
20.02.2001,22.75
21.02.2001,22.19
22.02.2001,22.47
23.02.2001,22.51
26.02.2001,22.33
27.02.2001,22.46
28.02.2001,21.98
01.03.2001,21.83
02.03.2001,21.56
05.03.2001,21.35
06.03.2001,21.56
07.03.2001,21.23
08.03.2001,21.9
09.03.2001,21.64
12.03.2001,20.97
13.03.2001,20.78
14.03.2001,20.59
15.03.2001,20.36
16.03.2001,19.81
19.03.2001,19.72
20.03.2001,19.26
21.03.2001,19.17
22.03.2001,18.77
23.03.2001,18.69
26.03.2001,18.91
27.03.2001,18.93
28.03.2001,18.9
29.03.2001,19.8
30.03.2001,19.85
02.04.2001,19.91
03.04.2001,19.28
04.04.2001,19.5
05.04.2001,19.43
06.04.2001,19.62
09.04.2001,19.95
10.04.2001,20.18
11.04.2001,19.98
12.04.2001,20.1
16.04.2001,20.35
17.04.2001,20.31
18.04.2001,20.55
19.04.2001,20.53
20.04.2001,20.25
23.04.2001,20.15
24.04.2001,20.06
25.04.2001,20.18
26.04.2001,20.2
27.04.2001,20.26
30.04.2001,20.56
01.05.2001,20.77
02.05.2001,20.59
03.05.2001,20.11
04.05.2001,20.05
07.05.2001,20.01
08.05.2001,19.85
09.05.2001,20.33
10.05.2001,20.11
11.05.2001,20.74
14.05.2001,20.74
15.05.2001,20.56
16.05.2001,20.71
17.05.2001,21.3
18.05.2001,22.28
21.05.2001,22.32
22.05.2001,22.8
23.05.2001,22.6
24.05.2001,22.99
25.05.2001,22.81
29.05.2001,22.99
30.05.2001,22.94
31.05.2001,22.63
01.06.2001,22.21
04.06.2001,21.85
05.06.2001,21.98
06.06.2001,22.2
07.06.2001,22.34
08.06.2001,22.01
11.06.2001,22.36
12.06.2001,22.28
13.06.2001,22.42
14.06.2001,22.39
15.06.2001,21.43
18.06.2001,21.3
19.06.2001,21.08
20.06.2001,21.09
21.06.2001,21.41
22.06.2001,21.02
25.06.2001,20.78
26.06.2001,20.59
27.06.2001,20.56
28.06.2001,20.69
29.06.2001,20.23
02.07.2001,20.48
03.07.2001,20.36
05.07.2001,20.23
06.07.2001,19.85
09.07.2001,19.86
10.07.2001,20.11
11.07.2001,19.91
12.07.2001,20.18
13.07.2001,20.67
16.07.2001,20.65
17.07.2001,20.72
18.07.2001,20.71
19.07.2001,20.68
20.07.2001,20.57
23.07.2001,20.76
24.07.2001,21.22
25.07.2001,21.9
26.07.2001,21.62
27.07.2001,21.41
30.07.2001,21.6
31.07.2001,21.78
01.08.2001,21.96
02.08.2001,21.79
03.08.2001,21.68
06.08.2001,21.53
07.08.2001,21.53
08.08.2001,21.24
09.08.2001,21.15
10.08.2001,21
13.08.2001,20.94
14.08.2001,20.92
15.08.2001,21.3
16.08.2001,22.2
17.08.2001,22.42
20.08.2001,22.46
21.08.2001,22.42
22.08.2001,22.61
23.08.2001,23.05
24.08.2001,22.79
27.08.2001,22.63
28.08.2001,22.34
29.08.2001,22.42
30.08.2001,22.44
31.08.2001,22.45
04.09.2001,23.01
05.09.2001,22.99
06.09.2001,22.72
07.09.2001,22.39
10.09.2001,21.62
17.09.2001,21.21
18.09.2001,20.94
19.09.2001,21.3
20.09.2001,20.46
21.09.2001,20.24
24.09.2001,19.97
25.09.2001,19.69
26.09.2001,19.62
27.09.2001,20.18
28.09.2001,20.29
01.10.2001,20.43
02.10.2001,20.65
03.10.2001,21.42
04.10.2001,21.62
05.10.2001,21.59
08.10.2001,21.2
09.10.2001,21.52
10.10.2001,22.01
11.10.2001,22.46
12.10.2001,22.04
15.10.2001,22.06
16.10.2001,22.2
17.10.2001,21.98
18.10.2001,21.86
19.10.2001,21.36
22.10.2001,21.23
23.10.2001,20.68
24.10.2001,20.92
25.10.2001,21.19
26.10.2001,21.64
29.10.2001,20.39
30.10.2001,19.43
31.10.2001,19.49
01.11.2001,19.58
02.11.2001,20.03
05.11.2001,20.02
06.11.2001,20.18
07.11.2001,20.2
08.11.2001,19.66
09.11.2001,19.87
12.11.2001,20
13.11.2001,20.7
14.11.2001,20.76
15.11.2001,21.38
16.11.2001,21.11
19.11.2001,21
20.11.2001,20.52
21.11.2001,20.49
23.11.2001,20.75
26.11.2001,20.65
27.11.2001,20.37
28.11.2001,20.17
29.11.2001,20.19
30.11.2001,20.23
03.12.2001,20.14
04.12.2001,20.26
05.12.2001,20.72
06.12.2001,20.82
07.12.2001,20.28
10.12.2001,20.37
11.12.2001,19.98
12.12.2001,19.33
13.12.2001,19.33
14.12.2001,20.2
17.12.2001,19.64
18.12.2001,19.9
19.12.2001,19.73
20.12.2001,19.34
21.12.2001,19.52
24.12.2001,19.49
26.12.2001,19.67
27.12.2001,20.15
28.12.2001,20.05
31.12.2001,19.95
02.01.2002,19.97
03.01.2002,20.19
04.01.2002,20.35
07.01.2002,20.5
08.01.2002,20.62
09.01.2002,20.26
10.01.2002,20.21
11.01.2002,19.86
14.01.2002,19.61
15.01.2002,19.75
16.01.2002,19.64
17.01.2002,19.96
18.01.2002,19.92
22.01.2002,20.2
23.01.2002,20.65
24.01.2002,19.95
25.01.2002,19.31
28.01.2002,19.89
29.01.2002,19.8
30.01.2002,20.35
31.01.2002,20.49
01.02.2002,20.07
04.02.2002,20.05
05.02.2002,20.5
06.02.2002,20.5
07.02.2002,20.4
08.02.2002,20.14
11.02.2002,20.35
12.02.2002,20.24
13.02.2002,20.3
14.02.2002,20.25
15.02.2002,20.16
19.02.2002,19.75
20.02.2002,20.33
21.02.2002,19.99
22.02.2002,20.32
25.02.2002,20.22
26.02.2002,19.98
27.02.2002,19.89
28.02.2002,19.67
01.03.2002,19.73
04.03.2002,20.24
05.03.2002,20.82
06.03.2002,21.15
07.03.2002,20.91
08.03.2002,21.04
11.03.2002,21.03
12.03.2002,21.37
13.03.2002,21.03
14.03.2002,21.22
15.03.2002,21.65
18.03.2002,21.44
19.03.2002,21.71
20.03.2002,21.67
21.03.2002,21.63
22.03.2002,20.84
25.03.2002,20.52
26.03.2002,20.72
27.03.2002,21.06
28.03.2002,20.92
01.04.2002,20.54
02.04.2002,20.73
03.04.2002,20.72
04.04.2002,20.95
05.04.2002,21.37
08.04.2002,21.48
09.04.2002,21.22
10.04.2002,21.07
11.04.2002,20.89
12.04.2002,20.96
15.04.2002,20.65
16.04.2002,20.73
17.04.2002,20.47
18.04.2002,21.57
19.04.2002,21.56
22.04.2002,21.48
23.04.2002,21.69
24.04.2002,21.48
25.04.2002,21.36
26.04.2002,21.28
29.04.2002,21.27
30.04.2002,21.41
01.05.2002,21.47
02.05.2002,21.48
03.05.2002,22.08
06.05.2002,21.94
07.05.2002,22.02
08.05.2002,21.77
09.05.2002,22.07
10.05.2002,22.47
13.05.2002,22.92
14.05.2002,22.6
15.05.2002,22.66
16.05.2002,22.59
17.05.2002,22.62
20.05.2002,22.71
21.05.2002,22.92
22.05.2002,23.1
23.05.2002,22.92
24.05.2002,22.81
28.05.2002,22.73
29.05.2002,22.62
30.05.2002,22.44
31.05.2002,22.57
03.06.2002,22.24
04.06.2002,22.07
05.06.2002,22.61
06.06.2002,22.61
07.06.2002,22.56
10.06.2002,22.85
11.06.2002,22.46
12.06.2002,22.43
13.06.2002,22.47
14.06.2002,21.95
17.06.2002,22.48
18.06.2002,22.46
19.06.2002,22.6
20.06.2002,22.25
21.06.2002,21.86
24.06.2002,21.98
25.06.2002,21.9
26.06.2002,21.7
27.06.2002,21.61
28.06.2002,21.45
01.07.2002,21.18
02.07.2002,20.89
03.07.2002,20.68
05.07.2002,20.99
08.07.2002,21.03
09.07.2002,20.96
10.07.2002,21.17
11.07.2002,20.65
12.07.2002,20.44
15.07.2002,20.01
16.07.2002,19.64
17.07.2002,19.37
18.07.2002,18.93
19.07.2002,18.22
22.07.2002,17.56
23.07.2002,17.97
24.07.2002,17.92
25.07.2002,16.47
26.07.2002,17.71
29.07.2002,18.6
30.07.2002,18.47
31.07.2002,18.66
01.08.2002,18.35
02.08.2002,17.94
05.08.2002,17.97
06.08.2002,17.32
07.08.2002,17.61
08.08.2002,16.96
09.08.2002,17.16
12.08.2002,17.28
13.08.2002,17.08
14.08.2002,17.34
15.08.2002,18.21
16.08.2002,17.94
19.08.2002,18.55
20.08.2002,18.37
21.08.2002,18.48
22.08.2002,18.39
23.08.2002,18.2
26.08.2002,18.06
27.08.2002,17.98
28.08.2002,17.77
29.08.2002,17.95
30.08.2002,17.91
03.09.2002,17.36
04.09.2002,16.77
05.09.2002,16.56
06.09.2002,16.1
09.09.2002,16.17
10.09.2002,16.06
11.09.2002,16.09
12.09.2002,15.31
13.09.2002,15.48
16.09.2002,16.35
17.09.2002,14.25
18.09.2002,13.69
19.09.2002,13.46
20.09.2002,13.53
23.09.2002,13.69
24.09.2002,13.49
25.09.2002,13.64
26.09.2002,13.91
27.09.2002,13.85
30.09.2002,13.31
01.10.2002,13.78
02.10.2002,13.71
03.10.2002,13.41
04.10.2002,13.19
07.10.2002,13.15
08.10.2002,13.24
09.10.2002,12.48
10.10.2002,12.94
11.10.2002,13.55
14.10.2002,13.55
15.10.2002,13.61
16.10.2002,13.19
17.10.2002,13.44
18.10.2002,13.18
21.10.2002,13.79
22.10.2002,14.28
23.10.2002,14.51
24.10.2002,14.1
25.10.2002,13.95
28.10.2002,13.81
29.10.2002,13.89
30.10.2002,13.72
31.10.2002,13.65
01.11.2002,13.67
04.11.2002,13.89
05.11.2002,14.27
06.11.2002,14.37
07.11.2002,14.56
08.11.2002,13.41
11.11.2002,12.88
12.11.2002,12.88
13.11.2002,13.11
14.11.2002,13.22
15.11.2002,13.28
18.11.2002,13.57
19.11.2002,13.64
20.11.2002,13.8
21.11.2002,14.29
22.11.2002,14.25
25.11.2002,13.93
26.11.2002,13.93
27.11.2002,14.14
29.11.2002,14.14
02.12.2002,14.32
03.12.2002,13.94
04.12.2002,14.04
05.12.2002,14.35
06.12.2002,13.74
09.12.2002,13.3
10.12.2002,13.26
11.12.2002,13.15
12.12.2002,13.3
13.12.2002,13.25
16.12.2002,13.28
17.12.2002,12.22
18.12.2002,12.2
19.12.2002,11.95
20.12.2002,12.04
23.12.2002,11.89
24.12.2002,11.83
26.12.2002,11.91
27.12.2002,11.85
30.12.2002,12.04
31.12.2002,12.29
02.01.2003,12.65
03.01.2003,12.32
06.01.2003,12.73
07.01.2003,12.74
08.01.2003,12.87
09.01.2003,12.89
10.01.2003,13.18
13.01.2003,13.25
14.01.2003,12.96
15.01.2003,12.76
16.01.2003,12.11
17.01.2003,11.81
21.01.2003,11.72
22.01.2003,11.74
23.01.2003,11.47
24.01.2003,11.39
27.01.2003,11.24
28.01.2003,11.21
29.01.2003,10.99
30.01.2003,11.05
31.01.2003,10.88
03.02.2003,11.1
04.02.2003,10.93
05.02.2003,10.75
06.02.2003,10.46
07.02.2003,10.36
10.02.2003,10.47
11.02.2003,10.62
12.02.2003,10.57
13.02.2003,10.37
14.02.2003,10.41
18.02.2003,10.28
19.02.2003,10.32
20.02.2003,10.23
21.02.2003,10.38
24.02.2003,10.14
25.02.2003,10.05
26.02.2003,9.79
27.02.2003,10.13
28.02.2003,10.4
03.03.2003,10.08
04.03.2003,9.87
05.03.2003,9.76
06.03.2003,9.64
07.03.2003,9.8
10.03.2003,9.55
11.03.2003,9.53
12.03.2003,9.46
13.03.2003,9.78
14.03.2003,10.35
17.03.2003,10.47
18.03.2003,10.94
19.03.2003,11.14
20.03.2003,10.99
21.03.2003,11.2
24.03.2003,10.72
25.03.2003,10.82
26.03.2003,10.88
27.03.2003,11.08
28.03.2003,11.34
31.03.2003,11.05
01.04.2003,10.74
02.04.2003,10.95
03.04.2003,10.76
04.04.2003,11.12
07.04.2003,12.08
08.04.2003,12.11
09.04.2003,11.85
10.04.2003,12.08
11.04.2003,12.06
14.04.2003,12
15.04.2003,12.11
16.04.2003,12.04
17.04.2003,12.23
21.04.2003,12.24
22.04.2003,12.27
23.04.2003,12.11
24.04.2003,12.17
25.04.2003,12.08
28.04.2003,12.94
29.04.2003,13.21
30.04.2003,13.07
01.05.2003,13.12
02.05.2003,13.44
05.05.2003,13.37
06.05.2003,13.67
07.05.2003,13.29
08.05.2003,13.18
09.05.2003,13.44
12.05.2003,13.98
13.05.2003,13.96
14.05.2003,14.19
15.05.2003,14.22
16.05.2003,14.16
19.05.2003,13.88
20.05.2003,12.96
21.05.2003,13.22
22.05.2003,13.38
23.05.2003,13.61
27.05.2003,13.58
28.05.2003,13.96
29.05.2003,14.02
30.05.2003,14.32
02.06.2003,14.45
03.06.2003,14.65
04.06.2003,14.51
05.06.2003,14.74
06.06.2003,16.1
09.06.2003,15.95
10.06.2003,16.56
11.06.2003,16.54
12.06.2003,16.52
13.06.2003,16.4
16.06.2003,16.97
17.06.2003,16.97
18.06.2003,16.85
19.06.2003,16.48
20.06.2003,16.83
23.06.2003,17.1
24.06.2003,17.22
25.06.2003,17
26.06.2003,17.16
27.06.2003,17.1
30.06.2003,16.86
01.07.2003,16.77
02.07.2003,17.37
03.07.2003,17.29
07.07.2003,17.5
08.07.2003,17.43
09.07.2003,17.47
10.07.2003,17.01
11.07.2003,17.26
14.07.2003,16.75
15.07.2003,16.11
16.07.2003,16.14
17.07.2003,15.66
18.07.2003,16.35
21.07.2003,15.95
22.07.2003,16.11
23.07.2003,16.21
24.07.2003,16.11
25.07.2003,16.39
28.07.2003,16.25
29.07.2003,16.93
30.07.2003,17.12
31.07.2003,17.59
01.08.2003,17.56
04.08.2003,17.26
05.08.2003,16.82
06.08.2003,16.68
07.08.2003,16.86
08.08.2003,18.26
11.08.2003,18.16
12.08.2003,18.18
13.08.2003,17.71
14.08.2003,17.54
15.08.2003,17.56
18.08.2003,17.37
19.08.2003,17.49
20.08.2003,17.58
21.08.2003,17.2
22.08.2003,16.78
25.08.2003,16.97
26.08.2003,17.04
27.08.2003,17.24
28.08.2003,17.08
29.08.2003,17.14
02.09.2003,17.2
03.09.2003,17.34
04.09.2003,17.88
05.09.2003,17.81
08.09.2003,17.85
09.09.2003,18.03
10.09.2003,17.73
11.09.2003,18.11
12.09.2003,17.95
15.09.2003,17.95
16.09.2003,18.15
17.09.2003,18.15
18.09.2003,18.28
19.09.2003,18.28
22.09.2003,18.06
23.09.2003,18.27
24.09.2003,18.29
25.09.2003,17.85
26.09.2003,18.04
29.09.2003,18.14
30.09.2003,17.99
01.10.2003,18.5
02.10.2003,18.56
03.10.2003,18.54
06.10.2003,18.42
07.10.2003,18.89
08.10.2003,18.46
09.10.2003,18.5
10.10.2003,18.57
13.10.2003,18.71
14.10.2003,18.64
15.10.2003,18.28
16.10.2003,18.34
17.10.2003,18.46
20.10.2003,18.48
21.10.2003,18.15
22.10.2003,18.27
23.10.2003,18.34
24.10.2003,18.49
27.10.2003,18.54
28.10.2003,18.8
29.10.2003,18.81
30.10.2003,18.9
31.10.2003,19.11
03.11.2003,19.41
04.11.2003,19.96
05.11.2003,19.99
06.11.2003,19.86
07.11.2003,19.88
10.11.2003,19.87
11.11.2003,19.95
12.11.2003,20.37
13.11.2003,20.24
14.11.2003,19.93
17.11.2003,19.41
18.11.2003,19.17
19.11.2003,19.13
20.11.2003,19.16
21.11.2003,19.38
24.11.2003,19.9
25.11.2003,20
26.11.2003,19.71
28.11.2003,19.89
01.12.2003,20.45
02.12.2003,20.55
03.12.2003,20.54
04.12.2003,20.62
05.12.2003,20.17
08.12.2003,19.89
09.12.2003,19.73
10.12.2003,19.83
11.12.2003,20.03
12.12.2003,20.01
15.12.2003,19.73
16.12.2003,19.31
17.12.2003,19.02
18.12.2003,19.26
19.12.2003,18.86
22.12.2003,19.53
23.12.2003,19.62
24.12.2003,18.6
26.12.2003,18.7
29.12.2003,19.1
30.12.2003,19.23
31.12.2003,19.27
02.01.2004,19.24
05.01.2004,19.43
06.01.2004,19.66
07.01.2004,19.72
08.01.2004,19.79
09.01.2004,19.52
12.01.2004,19.49
13.01.2004,19.13
14.01.2004,19.46
15.01.2004,19.52
16.01.2004,19.65
20.01.2004,19.54
21.01.2004,19.81
22.01.2004,19.71
23.01.2004,19.6
26.01.2004,19.62
27.01.2004,19.76
28.01.2004,19.3
29.01.2004,19.79
30.01.2004,19.98
02.02.2004,20.17
03.02.2004,20.3
04.02.2004,20.5
05.02.2004,20.73
06.02.2004,21.08
09.02.2004,20.89
10.02.2004,20.79
11.02.2004,21
12.02.2004,20.71
13.02.2004,20.67
17.02.2004,20.96
18.02.2004,21
19.02.2004,21.15
20.02.2004,21.08
23.02.2004,21.56
24.02.2004,21.45
25.02.2004,21.69
26.02.2004,21.97
27.02.2004,21.97
01.03.2004,22.05
02.03.2004,22.06
03.03.2004,22.43
04.03.2004,22.39
05.03.2004,23.17
08.03.2004,22.75
09.03.2004,22.5
10.03.2004,22.44
11.03.2004,22.28
12.03.2004,22.52
15.03.2004,22.08
16.03.2004,22.25
17.03.2004,22.28
18.03.2004,21.75
19.03.2004,21.81
22.03.2004,22.01
23.03.2004,21.55
24.03.2004,21.5
25.03.2004,22.08
26.03.2004,21.63
29.03.2004,22.1
30.03.2004,22.25
31.03.2004,22.18
01.04.2004,22.44
02.04.2004,22.46
05.04.2004,22.79
06.04.2004,22.52
07.04.2004,22.43
08.04.2004,22.25
12.04.2004,22.53
13.04.2004,21.94
14.04.2004,20.96
15.04.2004,20.9
16.04.2004,21.32
19.04.2004,20.76
20.04.2004,20.61
21.04.2004,20.92
22.04.2004,21.27
23.04.2004,21.22
26.04.2004,21.21
27.04.2004,21.11
28.04.2004,21.43
29.04.2004,21.1
30.04.2004,21.14
03.05.2004,21.55
04.05.2004,21.43
05.05.2004,21.59
06.05.2004,21.17
07.05.2004,20.73
10.05.2004,20.68
11.05.2004,20.53
12.05.2004,20.24
13.05.2004,20.25
14.05.2004,20.31
17.05.2004,20.08
18.05.2004,20.02
19.05.2004,19.99
20.05.2004,19.65
21.05.2004,19.76
24.05.2004,19.68
25.05.2004,19.76
26.05.2004,19.99
27.05.2004,20.39
28.05.2004,20.49
01.06.2004,20.55
02.06.2004,20.52
03.06.2004,20.59
04.06.2004,20.85
07.06.2004,20.66
08.06.2004,20.83
09.06.2004,20.63
10.06.2004,21
14.06.2004,20.96
15.06.2004,20.71
16.06.2004,20.73
17.06.2004,20.74
18.06.2004,20.9
21.06.2004,20.85
22.06.2004,20.88
23.06.2004,21.04
24.06.2004,21.02
25.06.2004,20.95
28.06.2004,20.63
29.06.2004,20.5
30.06.2004,20.18
01.07.2004,20.42
02.07.2004,20.28
06.07.2004,20.28
07.07.2004,20.51
08.07.2004,20.57
09.07.2004,20.58
12.07.2004,20.82
13.07.2004,20.71
14.07.2004,21.57
15.07.2004,21.66
16.07.2004,21.59
19.07.2004,21.68
20.07.2004,21.86
21.07.2004,21.47
22.07.2004,21.4
23.07.2004,21.02
26.07.2004,20.94
27.07.2004,21.34
28.07.2004,21.2
29.07.2004,21.14
30.07.2004,21.35
02.08.2004,21.32
03.08.2004,21.15
04.08.2004,21.08
05.08.2004,20.87
06.08.2004,20.45
09.08.2004,20.31
10.08.2004,20.76
11.08.2004,20.45
12.08.2004,20.07
13.08.2004,20.03
16.08.2004,19.99
17.08.2004,20.47
18.08.2004,20.55
19.08.2004,20.65
20.08.2004,21.01
23.08.2004,20.68
24.08.2004,20.86
25.08.2004,20.92
26.08.2004,21.04
27.08.2004,21.09
30.08.2004,20.96
31.08.2004,20.97
01.09.2004,21.11
02.09.2004,21.34
03.09.2004,21.55
07.09.2004,21.25
08.09.2004,21.35
09.09.2004,21.3
10.09.2004,21
13.09.2004,21.09
14.09.2004,21.42
15.09.2004,21.37
16.09.2004,21.42
17.09.2004,21.48
20.09.2004,21.32
21.09.2004,21.56
22.09.2004,20.97
23.09.2004,21.07
24.09.2004,21.42
27.09.2004,21.69
28.09.2004,21.7
29.09.2004,21.65
30.09.2004,21.76
01.10.2004,21.84
04.10.2004,21.73
05.10.2004,21.69
06.10.2004,21.61
07.10.2004,21.68
08.10.2004,21.69
11.10.2004,21.49
12.10.2004,21.39
13.10.2004,22.4
14.10.2004,22.57
15.10.2004,22.5
18.10.2004,22.67
19.10.2004,22.51
20.10.2004,22.36
21.10.2004,22.14
22.10.2004,22.14
25.10.2004,22.03
26.10.2004,22.41
27.10.2004,22.66
28.10.2004,22.53
29.10.2004,22.63
01.11.2004,22.96
02.11.2004,22.66
03.11.2004,22.75
04.11.2004,23
05.11.2004,23.33
08.11.2004,23.44
09.11.2004,23.43
10.11.2004,23.73
11.11.2004,23.94
12.11.2004,24.11
15.11.2004,24.05
16.11.2004,23.81
17.11.2004,24.04
18.11.2004,23.68
19.11.2004,23.17
22.11.2004,23.23
23.11.2004,23.8
24.11.2004,24.04
26.11.2004,24.17
29.11.2004,24.31
30.11.2004,24.3
01.12.2004,24.68
02.12.2004,24.84
03.12.2004,24.73
06.12.2004,24.57
07.12.2004,24.68
08.12.2004,24.91
09.12.2004,25.13
10.12.2004,25.02
13.12.2004,25.28
14.12.2004,25.23
15.12.2004,25.65
16.12.2004,25.82
17.12.2004,25.73
20.12.2004,25.61
21.12.2004,25.77
22.12.2004,25.71
23.12.2004,25.56
27.12.2004,25.42
28.12.2004,25.66
29.12.2004,25.72
30.12.2004,25.6
31.12.2004,25.35
03.01.2005,25.16
04.01.2005,25.36
05.01.2005,25.17
06.01.2005,25.36
07.01.2005,25.2
10.01.2005,25.04
11.01.2005,24.59
12.01.2005,24.78
13.01.2005,24.42
14.01.2005,24.75
18.01.2005,24.98
19.01.2005,25
20.01.2005,24.87
21.01.2005,24.71
24.01.2005,25.09
25.01.2005,25.25
26.01.2005,25.29
27.01.2005,25.4
28.01.2005,25.3
31.01.2005,25.61
01.02.2005,25.28
02.02.2005,25.12
03.02.2005,25.35
04.02.2005,25.75
07.02.2005,25.92
08.02.2005,25.63
09.02.2005,25.28
10.02.2005,25.38
11.02.2005,25.5
14.02.2005,25.78
15.02.2005,26.22
16.02.2005,25.77
17.02.2005,25.53
18.02.2005,25.56
22.02.2005,25.26
23.02.2005,25.65
24.02.2005,25.81
25.02.2005,26.08
28.02.2005,26.15
01.03.2005,26.35
02.03.2005,26.31
03.03.2005,26.42
04.03.2005,26.85
07.03.2005,27.05
08.03.2005,26.47
09.03.2005,25.72
10.03.2005,25.89
11.03.2005,25.77
14.03.2005,26.06
15.03.2005,25.64
16.03.2005,25.55
17.03.2005,25.14
18.03.2005,25.22
21.03.2005,25.05
22.03.2005,24.87
23.03.2005,24.87
24.03.2005,24.97
28.03.2005,24.93
29.03.2005,24.53
30.03.2005,25.02
31.03.2005,24.62
01.04.2005,24.51
04.04.2005,24.5
05.04.2005,24.68
06.04.2005,24.9
07.04.2005,24.88
08.04.2005,24.62
11.04.2005,24.35
12.04.2005,24.43
13.04.2005,24.68
14.04.2005,24.32
15.04.2005,23.96
18.04.2005,23.8
19.04.2005,23.86
20.04.2005,23.67
21.04.2005,23.6
22.04.2005,23.77
25.04.2005,23.94
26.04.2005,23.72
27.04.2005,23.85
28.04.2005,23.41
29.04.2005,23.17
02.05.2005,23.38
03.05.2005,23.56
04.05.2005,23.82
05.05.2005,23.67
06.05.2005,23.23
09.05.2005,23.81
10.05.2005,23.8
11.05.2005,23.6
12.05.2005,23.55
13.05.2005,23.44
16.05.2005,23.62
17.05.2005,23.7
18.05.2005,24.18
19.05.2005,24.49
20.05.2005,24.46
23.05.2005,24.76
24.05.2005,24.41
25.05.2005,24.42
26.05.2005,24.89
27.05.2005,24.72
31.05.2005,24.46
01.06.2005,24.53
02.06.2005,24.6
03.06.2005,24.12
06.06.2005,24.04
07.06.2005,23.38
08.06.2005,23.11
09.06.2005,22.91
10.06.2005,23.35
13.06.2005,23.02
14.06.2005,23.17
15.06.2005,22.89
16.06.2005,23.03
17.06.2005,22.93
20.06.2005,22.98
21.06.2005,22.96
22.06.2005,22.94
23.06.2005,22.59
24.06.2005,22.36
27.06.2005,22.26
28.06.2005,22.33
29.06.2005,22.07
30.06.2005,21.94
01.07.2005,22.09
05.07.2005,22.11
06.07.2005,21.9
07.07.2005,22.14
08.07.2005,22.65
11.07.2005,22.9
12.07.2005,23.06
13.07.2005,23.39
14.07.2005,23.4
15.07.2005,24.5
18.07.2005,24.43
19.07.2005,24.39
20.07.2005,24.43
21.07.2005,24.34
22.07.2005,24.46
25.07.2005,24.21
26.07.2005,24
27.07.2005,23.78
28.07.2005,23.94
29.07.2005,24.64
01.08.2005,24.65
02.08.2005,24.89
03.08.2005,25
04.08.2005,24.67
05.08.2005,24.75
08.08.2005,25.41
09.08.2005,25.65
10.08.2005,25.85
11.08.2005,27.43
12.08.2005,26.29
15.08.2005,26.57
16.08.2005,26.23
17.08.2005,26.78
18.08.2005,26.4
19.08.2005,26.39
22.08.2005,26.32
23.08.2005,26.12
24.08.2005,26.08
25.08.2005,26.33
26.08.2005,26.47
29.08.2005,26.23
30.08.2005,25.62
31.08.2005,25.66
01.09.2005,24.94
02.09.2005,25.22
06.09.2005,25.82
07.09.2005,26.64
08.09.2005,26.38
09.09.2005,26.99
12.09.2005,26.72
13.09.2005,26.19
14.09.2005,25.59
15.09.2005,26.45
16.09.2005,27.07
19.09.2005,26.49
20.09.2005,25.79
21.09.2005,24.84
22.09.2005,26.16
23.09.2005,25.81
26.09.2005,26.3
27.09.2005,26.1
28.09.2005,26.17
29.09.2005,26.47
30.09.2005,26.48
03.10.2005,26.78
04.10.2005,26
05.10.2005,25.97
06.10.2005,25.88
07.10.2005,25.47
10.10.2005,25.57
11.10.2005,25.57
12.10.2005,25.04
13.10.2005,25.34
14.10.2005,25.55
17.10.2005,25.85
18.10.2005,25.67
19.10.2005,26.64
20.10.2005,25.62
21.10.2005,25.68
24.10.2005,26.19
25.10.2005,26.09
26.10.2005,25.55
27.10.2005,24.94
28.10.2005,25.53
31.10.2005,24.98
01.11.2005,25.12
02.11.2005,25.51
03.11.2005,26.27
04.11.2005,26.43
07.11.2005,26.64
08.11.2005,26.88
09.11.2005,26.35
10.11.2005,26.81
11.11.2005,27.27
14.11.2005,27.38
15.11.2005,26.88
16.11.2005,26.46
17.11.2005,26.78
18.11.2005,26.7
21.11.2005,26.68
22.11.2005,26.62
23.11.2005,27.2
25.11.2005,27
28.11.2005,27.39
29.11.2005,27.38
30.11.2005,27.31
01.12.2005,28.51
02.12.2005,28.17
05.12.2005,27.89
06.12.2005,28.37
07.12.2005,28.45
08.12.2005,28.09
09.12.2005,28.11
12.12.2005,27.81
13.12.2005,28.46
14.12.2005,28.64
15.12.2005,28.22
16.12.2005,28.04
19.12.2005,27.51
20.12.2005,27.55
21.12.2005,27.79
22.12.2005,27.9
23.12.2005,27.88
27.12.2005,27.51
28.12.2005,27.59
29.12.2005,27.55
30.12.2005,27.21
03.01.2006,27.05
04.01.2006,27.29
05.01.2006,27.32
06.01.2006,27.48
09.01.2006,28.01
10.01.2006,28.03
11.01.2006,28.51
12.01.2006,28.07
13.01.2006,27.81
17.01.2006,27.91
18.01.2006,28.23
19.01.2006,28.4
20.01.2006,28.93
23.01.2006,28.81
24.01.2006,28.93
25.01.2006,28.37
26.01.2006,28.19
27.01.2006,28.28
30.01.2006,28.26
31.01.2006,28.25
01.02.2006,28.78
02.02.2006,28.6
03.02.2006,29.02
06.02.2006,29.15
07.02.2006,29.2
08.02.2006,29.34
09.02.2006,29.29
10.02.2006,29.31
13.02.2006,29.34
14.02.2006,29.35
15.02.2006,29.05
16.02.2006,29.35
17.02.2006,29.1
21.02.2006,28.77
22.02.2006,29.01
23.02.2006,28.72
24.02.2006,28.51
27.02.2006,28.44
28.02.2006,28.17
01.03.2006,28.18
02.03.2006,28.19
03.03.2006,28.12
06.03.2006,27.97
07.03.2006,27.95
08.03.2006,27.98
09.03.2006,27.86
10.03.2006,27.96
13.03.2006,27.69
14.03.2006,27.64
15.03.2006,28.05
16.03.2006,28.29
17.03.2006,28.32
20.03.2006,28.02
21.03.2006,28.16
22.03.2006,28.08
23.03.2006,27.87
24.03.2006,28
27.03.2006,27.88
28.03.2006,27.68
29.03.2006,27.92
30.03.2006,27.88
31.03.2006,27.72
03.04.2006,28.02
04.04.2006,27.97
05.04.2006,28.09
06.04.2006,27.92
07.04.2006,28.14
10.04.2006,28.52
11.04.2006,28.68
12.04.2006,28.39
13.04.2006,28.12
17.04.2006,27.69
18.04.2006,27.82
19.04.2006,27.88
20.04.2006,28.3
21.04.2006,27.92
24.04.2006,27.64
25.04.2006,27.31
26.04.2006,27.52
27.04.2006,27.93
28.04.2006,27.89
01.05.2006,27.73
02.05.2006,27.76
03.05.2006,28.13
04.05.2006,28.12
05.05.2006,28.41
08.05.2006,28.55
09.05.2006,28.91
10.05.2006,29.01
11.05.2006,28.52
12.05.2006,28.14
15.05.2006,28.22
16.05.2006,28
17.05.2006,27.89
18.05.2006,27.79
19.05.2006,27.55
22.05.2006,27.46
23.05.2006,27.05
24.05.2006,26.59
25.05.2006,26.84
26.05.2006,26.56
30.05.2006,26.4
31.05.2006,26.76
01.06.2006,27.17
02.06.2006,27.04
05.06.2006,26.75
06.06.2006,26.88
07.06.2006,26.88
08.06.2006,27.18
09.06.2006,26.93
12.06.2006,26.57
13.06.2006,25.77
14.06.2006,26.51
15.06.2006,26.91
16.06.2006,26.74
19.06.2006,26.51
20.06.2006,26.59
21.06.2006,26.95
22.06.2006,26.26
23.06.2006,26.3
26.06.2006,26.35
27.06.2006,26.23
28.06.2006,25.8
29.06.2006,27.08
30.06.2006,27.11
03.07.2006,27.41
05.07.2006,27.24
06.07.2006,27.18
07.07.2006,26.77
10.07.2006,27.17
11.07.2006,27.66
12.07.2006,27.28
13.07.2006,26.76
14.07.2006,26.66
17.07.2006,28.01
18.07.2006,28.09
19.07.2006,28.31
20.07.2006,27.97
21.07.2006,28
24.07.2006,28.11
25.07.2006,28.05
26.07.2006,27.8
27.07.2006,28.02
28.07.2006,28.47
31.07.2006,28.55
01.08.2006,28.3
02.08.2006,28.72
03.08.2006,28.92
04.08.2006,28.57
07.08.2006,28.67
08.08.2006,28.37
09.08.2006,27.72
10.08.2006,28.14
11.08.2006,27.99
14.08.2006,28.01
15.08.2006,28.64
16.08.2006,29.02
17.08.2006,29.24
18.08.2006,29.19
21.08.2006,28.81
22.08.2006,28.72
23.08.2006,28.72
24.08.2006,28.95
25.08.2006,28.43
28.08.2006,28.89
29.08.2006,29.11
30.08.2006,29.17
31.08.2006,28.97
01.09.2006,29.66
05.09.2006,29.57
06.09.2006,29.22
07.09.2006,29.47
08.09.2006,30.26
11.09.2006,29.95
12.09.2006,30.82
13.09.2006,30.53
14.09.2006,30.12
15.09.2006,30.44
18.09.2006,30.19
19.09.2006,30.32
20.09.2006,30.48
21.09.2006,30.93
22.09.2006,30.83
25.09.2006,31.35
26.09.2006,31.52
27.09.2006,32.13
28.09.2006,31.94
29.09.2006,31.56
02.10.2006,31.88
03.10.2006,32.02
04.10.2006,32.27
05.10.2006,32.11
06.10.2006,32.36
09.10.2006,32.73
10.10.2006,32.95
11.10.2006,33.28
12.10.2006,34.07
13.10.2006,33.98
16.10.2006,33.98
17.10.2006,33.57
18.10.2006,33.46
19.10.2006,32.9
20.10.2006,33.46
23.10.2006,34
24.10.2006,34.09
25.10.2006,33.89
26.10.2006,33.98
27.10.2006,33.46
30.10.2006,33.82
31.10.2006,33.82
01.11.2006,33.78
02.11.2006,33.93
03.11.2006,33.27
06.11.2006,33.75
07.11.2006,33.62
08.11.2006,33.91
09.11.2006,33.96
10.11.2006,33.86
13.11.2006,34.31
14.11.2006,34.11
15.11.2006,33.97
16.11.2006,34.44
17.11.2006,34.57
20.11.2006,34.62
21.11.2006,34.76
22.11.2006,34.84
24.11.2006,34.62
27.11.2006,33.97
28.11.2006,34.22
29.11.2006,34.59
30.11.2006,34.69
01.12.2006,34.78
04.12.2006,35.13
05.12.2006,35.34
06.12.2006,35.51
07.12.2006,35.77
08.12.2006,36.17
11.12.2006,36.02
12.12.2006,35.57
13.12.2006,36.03
14.12.2006,36.11
15.12.2006,35.88
18.12.2006,35.94
19.12.2006,36.36
20.12.2006,36.25
21.12.2006,36.26
22.12.2006,36.01
26.12.2006,36.21
27.12.2006,36.64
28.12.2006,36.67
29.12.2006,36.64
03.01.2007,36.26
04.01.2007,35.99
05.01.2007,35.99
08.01.2007,36.13
09.01.2007,36.19
10.01.2007,36.58
11.01.2007,36.79
12.01.2007,36.55
16.01.2007,36.84
17.01.2007,37.08
18.01.2007,36.86
19.01.2007,37.04
22.01.2007,36.66
23.01.2007,37.07
24.01.2007,36.5
25.01.2007,35.54
26.01.2007,35.48
29.01.2007,35.73
30.01.2007,36.18
31.01.2007,36.66
01.02.2007,36.77
02.02.2007,36.81
05.02.2007,36.81
06.02.2007,37
07.02.2007,36.96
08.02.2007,36.66
09.02.2007,36.83
12.02.2007,36.97
13.02.2007,37.11
14.02.2007,37.21
15.02.2007,37.18
16.02.2007,37.46
20.02.2007,37.86
21.02.2007,38
22.02.2007,38.06
23.02.2007,38.03
26.02.2007,37.86
27.02.2007,36.75
28.02.2007,36.11
01.03.2007,36.45
02.03.2007,36.1
05.03.2007,35.47
06.03.2007,35.62
07.03.2007,35.62
08.03.2007,36.07
09.03.2007,36.49
12.03.2007,36.92
13.03.2007,35.94
14.03.2007,36.08
15.03.2007,35.93
16.03.2007,35.94
19.03.2007,36.26
20.03.2007,36.62
21.03.2007,36.87
22.03.2007,36.77
23.03.2007,37.24
26.03.2007,37.29
27.03.2007,37.23
28.03.2007,37.05
29.03.2007,37.09
30.03.2007,37.24
02.04.2007,37.05
03.04.2007,37.41
04.04.2007,37.38
05.04.2007,37.84
09.04.2007,38.43
10.04.2007,38.28
11.04.2007,38.39
12.04.2007,38.54
13.04.2007,39.38
16.04.2007,39.76
17.04.2007,40.51
18.04.2007,40.4
19.04.2007,40.32
20.04.2007,39.97
23.04.2007,40.2
24.04.2007,40.06
25.04.2007,40.2
26.04.2007,40.69
27.04.2007,40.46
30.04.2007,39.91
01.05.2007,40.62
02.05.2007,41.34
03.05.2007,41.25
04.05.2007,41.26
07.05.2007,40.91
08.05.2007,40.77
09.05.2007,41.2
10.05.2007,41.33
11.05.2007,41.86
14.05.2007,41.85
15.05.2007,42.38
16.05.2007,42.96
17.05.2007,43.2
18.05.2007,43.25
21.05.2007,43.2
22.05.2007,43.39
23.05.2007,42.63
24.05.2007,42.12
25.05.2007,42.07
29.05.2007,41.83
30.05.2007,41.52
31.05.2007,41.78
01.06.2007,42.11
04.06.2007,42.24
05.06.2007,42.03
06.06.2007,41.86
07.06.2007,41.5
08.06.2007,42.49
11.06.2007,42.36
12.06.2007,42.55
13.06.2007,43.14
14.06.2007,43.19
15.06.2007,43.12
18.06.2007,43.31
19.06.2007,43.38
20.06.2007,42.43
21.06.2007,42.21
22.06.2007,41.67
25.06.2007,42.4
26.06.2007,42.77
27.06.2007,42.44
28.06.2007,42.03
29.06.2007,41.96
02.07.2007,42.47
03.07.2007,42.48
05.07.2007,42.33
06.07.2007,42.51
09.07.2007,42.27
10.07.2007,41.61
11.07.2007,41.92
12.07.2007,42.69
13.07.2007,42.91
16.07.2007,43.06
17.07.2007,43.11
18.07.2007,43.15
19.07.2007,43.53
20.07.2007,43.06
23.07.2007,43.39
24.07.2007,42.61
25.07.2007,42.12
26.07.2007,40.91
27.07.2007,40.3
30.07.2007,40
31.07.2007,39.57
01.08.2007,39.9
02.08.2007,40.49
03.08.2007,40.1
06.08.2007,40.88
07.08.2007,41.1
08.08.2007,41.57
09.08.2007,41.27
10.08.2007,40.84
13.08.2007,40.26
14.08.2007,39.67
15.08.2007,39.31
16.08.2007,39.73
17.08.2007,39.32
20.08.2007,39.91
21.08.2007,40.06
22.08.2007,40.8
23.08.2007,41.2
24.08.2007,41.43
27.08.2007,40.89
28.08.2007,40.2
29.08.2007,40.66
30.08.2007,40.36
31.08.2007,40.71
04.09.2007,41.05
05.09.2007,40.7
06.09.2007,41.13
07.09.2007,40.7
10.09.2007,41.45
11.09.2007,42.78
12.09.2007,42.32
13.09.2007,44.88
14.09.2007,45.83
17.09.2007,45.16
18.09.2007,45.48
19.09.2007,45.8
20.09.2007,45.35
21.09.2007,45.3
24.09.2007,45.43
25.09.2007,44.76
26.09.2007,45.3
27.09.2007,45.1
28.09.2007,45.02
01.10.2007,46.3
02.10.2007,46.25
03.10.2007,46.38
04.10.2007,46.32
05.10.2007,46.59
08.10.2007,47.01
09.10.2007,47.43
10.10.2007,47.14
11.10.2007,46.49
12.10.2007,47.13
15.10.2007,46.44
16.10.2007,46.96
17.10.2007,47.08
18.10.2007,46.94
19.10.2007,46.63
22.10.2007,46.3
23.10.2007,47.09
24.10.2007,47.24
25.10.2007,48
26.10.2007,48.33
29.10.2007,48.92
30.10.2007,48.92
31.10.2007,49.39
01.11.2007,48.77
02.11.2007,48.78
05.11.2007,49.32
06.11.2007,49.38
07.11.2007,48.25
08.11.2007,49.07
09.11.2007,48.2
12.11.2007,48.39
13.11.2007,48.44
14.11.2007,48.1
15.11.2007,48.51
16.11.2007,49.31
19.11.2007,49.71
20.11.2007,49.61
21.11.2007,48.63
23.11.2007,48.96
26.11.2007,48.2
27.11.2007,48.74
28.11.2007,49.18
29.11.2007,49.5
30.11.2007,49.6
03.12.2007,50.75
04.12.2007,50.92
05.12.2007,50.48
06.12.2007,51.13
07.12.2007,51.03
10.12.2007,52.51
11.12.2007,53.55
12.12.2007,52.31
13.12.2007,52.18
14.12.2007,51.88
17.12.2007,50.69
18.12.2007,50.75
19.12.2007,49.92
20.12.2007,49.87
21.12.2007,50.92
24.12.2007,51.16
26.12.2007,50.8
27.12.2007,50.21
28.12.2007,50.47
31.12.2007,49.97
02.01.2008,49.29
03.01.2008,49.14
04.01.2008,48.39
07.01.2008,49.23
08.01.2008,48.42
09.01.2008,48.75
10.01.2008,49.34
11.01.2008,46.08
14.01.2008,46.62
15.01.2008,45.6
16.01.2008,44.46
17.01.2008,44.09
18.01.2008,44.45
22.01.2008,44.49
23.01.2008,44.97
24.01.2008,45.81
25.01.2008,45.89
28.01.2008,43.32
29.01.2008,43.05
30.01.2008,43.27
31.01.2008,45.45
01.02.2008,45.99
04.02.2008,45.71
05.02.2008,45.67
06.02.2008,45.58
07.02.2008,46.2
08.02.2008,47.2
11.02.2008,47.49
12.02.2008,47.82
13.02.2008,48.05
14.02.2008,47.15
15.02.2008,46.91
19.02.2008,47.22
20.02.2008,47.67
21.02.2008,46.85
22.02.2008,47.24
25.02.2008,47.55
26.02.2008,47.89
27.02.2008,46.94
28.02.2008,46.65
29.02.2008,46.21
03.03.2008,45.4
04.03.2008,45.8
05.03.2008,46.07
06.03.2008,45.3
07.03.2008,44.64
10.03.2008,45.95
11.03.2008,46.33
12.03.2008,45.86
13.03.2008,46.88
14.03.2008,46.79
17.03.2008,46.36
18.03.2008,46.85
19.03.2008,45.83
20.03.2008,46.48
24.03.2008,47.63
25.03.2008,48
26.03.2008,47.49
27.03.2008,47.36
28.03.2008,47.38
31.03.2008,47.63
01.04.2008,48.61
02.04.2008,48.39
03.04.2008,48.03
04.04.2008,47.59
07.04.2008,47.53
08.04.2008,47.72
09.04.2008,47.61
10.04.2008,47.7
11.04.2008,47.32
14.04.2008,47.44
15.04.2008,47.79
16.04.2008,48.84
17.04.2008,48.96
18.04.2008,49.79
21.04.2008,50.11
22.04.2008,49.84
23.04.2008,50.13
24.04.2008,50.89
25.04.2008,50.96
28.04.2008,50.89
29.04.2008,51.42
30.04.2008,50.89
01.05.2008,52.03
02.05.2008,52.06
05.05.2008,51.99
06.05.2008,51.66
07.05.2008,50.72
08.05.2008,51.05
09.05.2008,50.6
12.05.2008,51.99
13.05.2008,52.24
14.05.2008,51.62
15.05.2008,51.98
16.05.2008,51.7
19.05.2008,51.63
20.05.2008,50.97
21.05.2008,50.2
22.05.2008,49.99
23.05.2008,49.31
27.05.2008,49.63
28.05.2008,50.13
29.05.2008,50.8
30.05.2008,50.66
02.06.2008,50.01
03.06.2008,49.16
04.06.2008,49.52
05.06.2008,49.9
06.06.2008,48.96
09.06.2008,50.99
10.06.2008,51.38
11.06.2008,50.5
12.06.2008,51.01
13.06.2008,51.54
16.06.2008,51.53
17.06.2008,50.9
18.06.2008,50.04
19.06.2008,50.37
20.06.2008,49.34
23.06.2008,49.01
24.06.2008,49.02
25.06.2008,49.9
26.06.2008,48.53
27.06.2008,48.57
30.06.2008,48.33
01.07.2008,49.25
02.07.2008,49.37
03.07.2008,49.16
07.07.2008,49.31
08.07.2008,50.31
09.07.2008,50.93
10.07.2008,50.24
11.07.2008,49.27
14.07.2008,49.94
15.07.2008,50.34
16.07.2008,51.72
17.07.2008,51.9
18.07.2008,51.96
21.07.2008,51.36
22.07.2008,51.68
23.07.2008,51.29
24.07.2008,50.18
25.07.2008,50.42
28.07.2008,49.68
29.07.2008,51.32
30.07.2008,51.97
31.07.2008,51.4
01.08.2008,51.38
04.08.2008,52.05
05.08.2008,53.58
06.08.2008,53.42
07.08.2008,53.18
08.08.2008,56.45
11.08.2008,56.69
12.08.2008,54.97
13.08.2008,53.97
14.08.2008,54.67
15.08.2008,54.7
18.08.2008,54.41
19.08.2008,53.69
20.08.2008,53.67
21.08.2008,53.56
22.08.2008,54.52
25.08.2008,53.37
26.08.2008,53.41
27.08.2008,53.37
28.08.2008,54.39
29.08.2008,53.62
02.09.2008,54.41
03.09.2008,53.38
04.09.2008,51.91
05.09.2008,52.15
08.09.2008,53.98
09.09.2008,54.65
10.09.2008,54.66
11.09.2008,55.84
12.09.2008,55.4
15.09.2008,55.11
16.09.2008,55.6
17.09.2008,54.07
18.09.2008,55.32
19.09.2008,55.33
22.09.2008,54.11
23.09.2008,53.43
24.09.2008,53.13
25.09.2008,53.85
26.09.2008,54.66
29.09.2008,52.03
30.09.2008,53.36
01.10.2008,55.06
02.10.2008,53.52
03.10.2008,52.09
06.10.2008,49.43
07.10.2008,47.54
08.10.2008,46.19
09.10.2008,45.04
10.10.2008,46.14
13.10.2008,49.51
14.10.2008,48.45
15.10.2008,44.58
16.10.2008,47.1
17.10.2008,46.53
20.10.2008,49.16
21.10.2008,47.68
22.10.2008,46.86
23.10.2008,48.07
24.10.2008,45.89
27.10.2008,44.77
28.10.2008,48.97
29.10.2008,49.45
30.10.2008,50.05
31.10.2008,50.1
03.11.2008,49.32
04.11.2008,49.97
05.11.2008,48.43
06.11.2008,46.85
07.11.2008,47.97
10.11.2008,48.85
11.11.2008,48.68
12.11.2008,46.72
13.11.2008,48.65
14.11.2008,48.54
17.11.2008,48.09
18.11.2008,48.87
19.11.2008,47.95
20.11.2008,45.76
21.11.2008,47.7
24.11.2008,48.01
25.11.2008,49.13
26.11.2008,50.52
28.11.2008,51.26
01.12.2008,49.01
02.12.2008,49.78
03.12.2008,51.96
04.12.2008,53.09
05.12.2008,54.73
08.12.2008,53.16
09.12.2008,52.07
10.12.2008,53.8
11.12.2008,53.11
12.12.2008,52.87
15.12.2008,52.95
16.12.2008,54.9
17.12.2008,54.65
18.12.2008,53.48
19.12.2008,52.63
22.12.2008,53.57
23.12.2008,52.92
24.12.2008,53.47
26.12.2008,53.28
29.12.2008,52.68
30.12.2008,53.87
31.12.2008,54.26
02.01.2009,55.62
05.01.2009,55.46
06.01.2009,54.22
07.01.2009,53.43
08.01.2009,52.81
09.01.2009,52.41
12.01.2009,52.49
13.01.2009,51.76
14.01.2009,50.02
15.01.2009,50.59
16.01.2009,52.06
20.01.2009,49.8
21.01.2009,51.22
22.01.2009,51.24
23.01.2009,50.62
26.01.2009,50.96
27.01.2009,51.06
28.01.2009,51.65
29.01.2009,50.73
30.01.2009,50.62
02.02.2009,50.52
03.02.2009,51.38
04.02.2009,50.49
05.02.2009,50.92
06.02.2009,51.01
09.02.2009,51.5
10.02.2009,49.98
11.02.2009,49.8
12.02.2009,49.7
13.02.2009,49.57
17.02.2009,48.58
18.02.2009,49.22
19.02.2009,48.26
20.02.2009,47.61
23.02.2009,47
24.02.2009,47.78
25.02.2009,47.37
26.02.2009,45.97
27.02.2009,46.01
02.03.2009,45.66
03.03.2009,46.17
04.03.2009,46.81
05.03.2009,44.79
06.03.2009,45.9
09.03.2009,46.08
10.03.2009,46.32
11.03.2009,44.94
12.03.2009,45.94
13.03.2009,46.13
16.03.2009,45.52
17.03.2009,47.24
18.03.2009,48.81
19.03.2009,48.18
20.03.2009,46.85
23.03.2009,48.58
24.03.2009,47.17
25.03.2009,48.44
26.03.2009,49.37
27.03.2009,48.44
30.03.2009,47.48
31.03.2009,48.06
01.04.2009,48.65
02.04.2009,49.62
03.04.2009,49.88
06.04.2009,49.26
07.04.2009,48.79
08.04.2009,48.93
09.04.2009,49.91
13.04.2009,49.41
14.04.2009,48.28
15.04.2009,47.51
16.04.2009,48.17
17.04.2009,49.4
20.04.2009,48.73
21.04.2009,48.99
22.04.2009,47.78
23.04.2009,48.7
24.04.2009,47.83
27.04.2009,47.99
28.04.2009,48.02
29.04.2009,47.92
30.04.2009,46.93
01.05.2009,46.15
04.05.2009,46.47
05.05.2009,46.82
06.05.2009,47.28
07.05.2009,47.02
08.05.2009,48.37
11.05.2009,47.91
12.05.2009,47.53
13.05.2009,47.11
14.05.2009,47.18
15.05.2009,47.08
18.05.2009,47.73
19.05.2009,47.44
20.05.2009,49.54
21.05.2009,49.04
22.05.2009,50.27
26.05.2009,51.82
27.05.2009,50.92
28.05.2009,51.19
29.05.2009,51.95
01.06.2009,52.71
02.06.2009,53.17
03.06.2009,53.71
04.06.2009,53.49
05.06.2009,53.16
08.06.2009,52.14
09.06.2009,52.46
10.06.2009,51.82
11.06.2009,51.21
12.06.2009,51.82
15.06.2009,51.3
16.06.2009,50.67
17.06.2009,50.94
18.06.2009,51.64
19.06.2009,51.65
22.06.2009,50.79
23.06.2009,50.4
24.06.2009,49.99
25.06.2009,51.02
26.06.2009,50.61
29.06.2009,50.82
30.06.2009,51.05
01.07.2009,51.7
02.07.2009,51.01
06.07.2009,51.49
07.07.2009,50.43
08.07.2009,50.65
09.07.2009,50.41
10.07.2009,50.66
13.07.2009,50.85
14.07.2009,51.02
15.07.2009,50.68
16.07.2009,50.81
17.07.2009,51.36
20.07.2009,51.75
21.07.2009,52.06
22.07.2009,52.23
23.07.2009,49.8
24.07.2009,49.8
27.07.2009,49.7
28.07.2009,50.14
29.07.2009,50.09
30.07.2009,49.36
31.07.2009,48.89
03.08.2009,48.95
04.08.2009,48.85
05.08.2009,48.92
06.08.2009,48.69
07.08.2009,49.01
10.08.2009,49.96
11.08.2009,49.74
12.08.2009,49.95
13.08.2009,49.53
14.08.2009,49.08
17.08.2009,48.39
18.08.2009,49.07
19.08.2009,49.41
20.08.2009,49.85
21.08.2009,49.96
24.08.2009,49.64
25.08.2009,50.12
26.08.2009,50.61
27.08.2009,50.75
28.08.2009,50.23
31.08.2009,50.38
01.09.2009,49.84
02.09.2009,49.6
03.09.2009,49.78
04.09.2009,50.29
08.09.2009,50.36
09.09.2009,49.35
10.09.2009,49.13
11.09.2009,48.72
14.09.2009,48.58
15.09.2009,49.25
16.09.2009,50.58
17.09.2009,50.57
18.09.2009,51.06
21.09.2009,50.29
22.09.2009,49.99
23.09.2009,49.75
24.09.2009,50.27
25.09.2009,51.01
28.09.2009,51.21
29.09.2009,51.21
30.09.2009,51.12
01.10.2009,50.83
02.10.2009,50.8
05.10.2009,50.71
06.10.2009,51.45
07.10.2009,51.18
08.10.2009,50.94
09.10.2009,50.79
12.10.2009,50.77
13.10.2009,51.1
14.10.2009,51.51
15.10.2009,52.13
16.10.2009,52.65
19.10.2009,53.1
20.10.2009,52.78
21.10.2009,52.25
22.10.2009,53.3
23.10.2009,53.24
26.10.2009,53.03
27.10.2009,52.87
28.10.2009,52.53
29.10.2009,52.98
30.10.2009,52.5
02.11.2009,52.99
03.11.2009,53.07
04.11.2009,54.01
05.11.2009,55.07
06.11.2009,55.29
09.11.2009,56.11
10.11.2009,55.79
11.11.2009,56.28
12.11.2009,55.69
13.11.2009,56.95
16.11.2009,57.8
17.11.2009,56.94
18.11.2009,57.31
19.11.2009,56.8
20.11.2009,57.3
23.11.2009,57.32
24.11.2009,57.53
25.11.2009,57.73
27.11.2009,57.46
30.11.2009,57.14
01.12.2009,57.41
02.12.2009,56.47
03.12.2009,55.99
04.12.2009,55.65
07.12.2009,55.95
08.12.2009,54.76
09.12.2009,54.75
10.12.2009,55.16
11.12.2009,55.71
14.12.2009,56.14
15.12.2009,56.02
16.12.2009,56.39
17.12.2009,55.94
18.12.2009,56.17
21.12.2009,56.61
22.12.2009,56.89
23.12.2009,57.24
24.12.2009,57.3
28.12.2009,57.47
29.12.2009,57.45
30.12.2009,56.82
31.12.2009,56.41
04.01.2010,56.72
05.01.2010,56.29
06.01.2010,55.52
07.01.2010,55.93
08.01.2010,55.87
11.01.2010,56.3
12.01.2010,56.61
13.01.2010,56.55
14.01.2010,56.6
15.01.2010,56.27
19.01.2010,57.35
20.01.2010,56.93
21.01.2010,57.1
22.01.2010,57.27
25.01.2010,57
26.01.2010,57.65
27.01.2010,57.58
28.01.2010,56.77
29.01.2010,56.4
01.02.2010,57.72
02.02.2010,57.85
03.02.2010,58.92
04.02.2010,57.88
05.02.2010,57.25
08.02.2010,56.85
09.02.2010,57.43
10.02.2010,57.14
11.02.2010,57.63
12.02.2010,57.45
16.02.2010,57.83
17.02.2010,58.06
18.02.2010,58.26
19.02.2010,58.49
22.02.2010,58.52
23.02.2010,58.61
24.02.2010,58.96
25.02.2010,58.66
26.02.2010,58.18
01.03.2010,58.3
02.03.2010,58.38
03.03.2010,57.98
04.03.2010,57.79
05.03.2010,58.01
08.03.2010,59.33
09.03.2010,59.32
10.03.2010,59.17
11.03.2010,59.42
12.03.2010,59.71
15.03.2010,60.07
16.03.2010,60.2
17.03.2010,60.48
18.03.2010,60.76
19.03.2010,60.62
22.03.2010,61.06
23.03.2010,61.37
24.03.2010,60.87
25.03.2010,60.96
26.03.2010,61.28
29.03.2010,61.11
30.03.2010,61.27
31.03.2010,60.79
01.04.2010,61.58
05.04.2010,61.99
06.04.2010,61.79
07.04.2010,61.69
08.04.2010,62.65
09.04.2010,62.58
12.04.2010,62.44
13.04.2010,62.8
14.04.2010,63.25
15.04.2010,63.02
16.04.2010,62.9
19.04.2010,63.71
20.04.2010,64.09
21.04.2010,64.11
22.04.2010,64.72
23.04.2010,64.83
26.04.2010,64.71
27.04.2010,64.26
28.04.2010,64.09
29.04.2010,65.17
30.04.2010,64.32
03.05.2010,65.07
04.05.2010,64.36
05.05.2010,64.38
06.05.2010,63.25
07.05.2010,61.97
10.05.2010,64.31
11.05.2010,64.22
12.05.2010,64.39
13.05.2010,64.24
14.05.2010,63.41
17.05.2010,63.91
18.05.2010,63.8
19.05.2010,63.23
20.05.2010,61.65
21.05.2010,61.83
24.05.2010,61.65
25.05.2010,61.81
26.05.2010,60.15
27.05.2010,61.74
28.05.2010,61.44
01.06.2010,60.97
02.06.2010,62.27
03.06.2010,62.34
04.06.2010,61.28
07.06.2010,61.33
08.06.2010,62.83
09.06.2010,62.72
10.06.2010,63.74
11.06.2010,63.89
14.06.2010,63.67
15.06.2010,64.68
16.06.2010,64.58
17.06.2010,64.36
18.06.2010,64.21
21.06.2010,64.24
22.06.2010,63.07
23.06.2010,63.06
24.06.2010,62.23
25.06.2010,61.95
28.06.2010,61.86
29.06.2010,61.06
30.06.2010,60.52
01.07.2010,61.29
02.07.2010,60.77
06.07.2010,60.74
07.07.2010,61.85
08.07.2010,63.42
09.07.2010,63.6
12.07.2010,64.26
13.07.2010,65.09
14.07.2010,65.14
15.07.2010,65.54
16.07.2010,64.26
19.07.2010,64.23
20.07.2010,65.12
21.07.2010,64.42
22.07.2010,65.6
23.07.2010,64.22
26.07.2010,65.12
27.07.2010,64.68
28.07.2010,64.11
29.07.2010,63.75
30.07.2010,64.07
02.08.2010,64.55
03.08.2010,64.73
04.08.2010,64.95
05.08.2010,64.73
06.08.2010,65.92
09.08.2010,67
10.08.2010,66.93
11.08.2010,65.76
12.08.2010,66.21
13.08.2010,66.05
16.08.2010,65.96
17.08.2010,67.28
18.08.2010,67.3
19.08.2010,67.05
20.08.2010,67.15
23.08.2010,67.39
24.08.2010,66.82
25.08.2010,67.25
26.08.2010,67.22
27.08.2010,67.98
30.08.2010,67.33
31.08.2010,67.63
01.09.2010,69
02.09.2010,69.45
03.09.2010,69.51
07.09.2010,70.17
08.09.2010,70.43
09.09.2010,68.84
10.09.2010,69.44
13.09.2010,69.03
14.09.2010,68.45
15.09.2010,69.16
16.09.2010,69.24
17.09.2010,68.8
20.09.2010,69.53
21.09.2010,69.9
22.09.2010,69.55
23.09.2010,69.09
24.09.2010,69.52
27.09.2010,69.2
28.09.2010,69.08
29.09.2010,68.92
30.09.2010,68.97
01.10.2010,69.35
04.10.2010,69.38
05.10.2010,70.19
06.10.2010,69.95
07.10.2010,70.22
08.10.2010,70.45
11.10.2010,69.97
12.10.2010,69.96
13.10.2010,70.12
14.10.2010,71.32
15.10.2010,71.72
18.10.2010,71.57
19.10.2010,71.27
20.10.2010,71.66
21.10.2010,72.61
22.10.2010,72.71
25.10.2010,72.85
26.10.2010,72.91
27.10.2010,71.72
28.10.2010,71.72
29.10.2010,71.99
01.11.2010,72.09
02.11.2010,72.57
03.11.2010,72.67
04.11.2010,73.3
05.11.2010,73.41
08.11.2010,73.42
09.11.2010,73.22
10.11.2010,73.59
11.11.2010,73.78
12.11.2010,72.99
15.11.2010,73.19
16.11.2010,71.67
17.11.2010,72.55
18.11.2010,73.15
19.11.2010,73.72
22.11.2010,73.61
23.11.2010,73.14
24.11.2010,73.57
26.11.2010,72.7
29.11.2010,73.01
30.11.2010,73.05
01.12.2010,73.97
02.12.2010,74.06
03.12.2010,74.41
06.12.2010,74.24
07.12.2010,74.95
08.12.2010,73.46
09.12.2010,72.41
10.12.2010,72.36
13.12.2010,71.94
14.12.2010,71.94
15.12.2010,71.82
16.12.2010,71.57
17.12.2010,71.66
20.12.2010,71.76
21.12.2010,71.71
22.12.2010,71.85
23.12.2010,71.8
27.12.2010,71.3
28.12.2010,71.3
29.12.2010,71.83
30.12.2010,71.61
31.12.2010,71.61
03.01.2011,71.46
04.01.2011,69.33
05.01.2011,69.65
06.01.2011,69.23
07.01.2011,69.38
10.01.2011,68.63
11.01.2011,68.94
12.01.2011,68.66
13.01.2011,67.8
14.01.2011,69.09
18.01.2011,69.67
19.01.2011,70.3
20.01.2011,70.12
21.01.2011,69.98
24.01.2011,70.32
25.01.2011,70.42
26.01.2011,70.13
27.01.2011,69.36
28.01.2011,68.37
31.01.2011,68.73
01.02.2011,68.54
02.02.2011,68.7
03.02.2011,68.88
04.02.2011,69.08
07.02.2011,68.52
08.02.2011,70.31
09.02.2011,70.84
10.02.2011,70.68
11.02.2011,71.03
14.02.2011,71.13
15.02.2011,71.04
16.02.2011,70.92
17.02.2011,70.88
18.02.2011,71.02
22.02.2011,70.62
23.02.2011,70.15
24.02.2011,70.17
25.02.2011,70.02
28.02.2011,71.18
01.03.2011,70.44
02.03.2011,70.25
03.03.2011,71.71
04.03.2011,71.51
07.03.2011,71.76
08.03.2011,71.05
09.03.2011,71.28
10.03.2011,72.12
11.03.2011,72.17
14.03.2011,71.17
15.03.2011,70.66
16.03.2011,69.02
17.03.2011,69.04
18.03.2011,68.65
21.03.2011,69.38
22.03.2011,69.48
23.03.2011,70.1
24.03.2011,70.48
25.03.2011,70.78
28.03.2011,70.54
29.03.2011,70.89
30.03.2011,71.3
31.03.2011,71.57
01.04.2011,71.47
04.04.2011,71.85
05.04.2011,72.05
06.04.2011,72.16
07.04.2011,71.49
08.04.2011,71.52
11.04.2011,71.72
12.04.2011,72.1
13.04.2011,72.32
14.04.2011,72.49
15.04.2011,72.78
18.04.2011,72.42
19.04.2011,72.05
20.04.2011,73.74
21.04.2011,72.34
25.04.2011,72.55
26.04.2011,72.37
27.04.2011,73.24
28.04.2011,73.39
29.04.2011,73.66
02.05.2011,73.97
03.05.2011,74.25
04.05.2011,74.37
05.05.2011,73.93
06.05.2011,74.02
09.05.2011,74.6
10.05.2011,74.97
11.05.2011,74.78
12.05.2011,75.87
13.05.2011,75.94
16.05.2011,76.32
17.05.2011,76.12
18.05.2011,76.66
19.05.2011,77.61
20.05.2011,77.44
23.05.2011,77.6
24.05.2011,77.73
25.05.2011,77.8
26.05.2011,77.53
27.05.2011,77.34
31.05.2011,77.27
01.06.2011,76.73
02.06.2011,76.52
03.06.2011,76.32
06.06.2011,76.47
07.06.2011,76.89
08.06.2011,76.9
09.06.2011,77
10.06.2011,76.15
13.06.2011,76.5
14.06.2011,77.2
15.06.2011,76.98
16.06.2011,77.52
17.06.2011,78.19
20.06.2011,78.36
21.06.2011,78.46
22.06.2011,78.32
23.06.2011,77.98
24.06.2011,77.55
27.06.2011,78
28.06.2011,79.93
29.06.2011,80.14
30.06.2011,79.9
01.07.2011,81.16
05.07.2011,81.15
06.07.2011,81.36
07.07.2011,81.55
08.07.2011,81.11
11.07.2011,80.88
12.07.2011,80.53
13.07.2011,80.51
14.07.2011,81.31
15.07.2011,81
18.07.2011,80.92
19.07.2011,81.69
20.07.2011,81.75
21.07.2011,82
22.07.2011,83.92
25.07.2011,83.5
26.07.2011,83.41
27.07.2011,82.52
28.07.2011,82.23
29.07.2011,81.95
01.08.2011,81.86
02.08.2011,80.6
03.08.2011,81.06
04.08.2011,79.86
05.08.2011,80.62
08.08.2011,77.81
09.08.2011,81.45
10.08.2011,79.67
11.08.2011,81.76
12.08.2011,81.97
15.08.2011,82.27
16.08.2011,82.13
17.08.2011,82.91
18.08.2011,81.12
19.08.2011,82.66
22.08.2011,83.16
23.08.2011,84.84
24.08.2011,85.41
25.08.2011,84.06
26.08.2011,85.22
29.08.2011,86.03
30.08.2011,86.6
31.08.2011,86.25
01.09.2011,85.93
02.09.2011,84.99
06.09.2011,84.73
07.09.2011,85.18
08.09.2011,84.53
09.09.2011,81.12
12.09.2011,82.22
13.09.2011,82.16
14.09.2011,82.76
15.09.2011,84.02
16.09.2011,84.23
19.09.2011,84.72
20.09.2011,85.2
21.09.2011,83.49
22.09.2011,82.03
23.09.2011,83.35
26.09.2011,85.23
27.09.2011,85.61
28.09.2011,83.98
29.09.2011,84.7
30.09.2011,83.78
03.10.2011,82.06
04.10.2011,82.5
05.10.2011,81.88
06.10.2011,83.1
07.10.2011,83.19
10.10.2011,84.44
11.10.2011,85.23
12.10.2011,84.29
13.10.2011,85.2
14.10.2011,85.8
17.10.2011,84.58
18.10.2011,85.52
19.10.2011,85.5
20.10.2011,84.91
21.10.2011,88.07
24.10.2011,87.78
25.10.2011,87.55
26.10.2011,87.56
27.10.2011,89.21
28.10.2011,89
31.10.2011,88.58
01.11.2011,87.68
02.11.2011,88.27
03.11.2011,88.72
04.11.2011,89.49
07.11.2011,90.27
08.11.2011,90.25
09.11.2011,88.39
10.11.2011,88.97
11.11.2011,90.4
14.11.2011,89.73
15.11.2011,90.12
16.11.2011,88.86
17.11.2011,88.04
18.11.2011,88.47
21.11.2011,88.03
22.11.2011,88.39
23.11.2011,87.64
25.11.2011,87.86
28.11.2011,89.45
29.11.2011,89.83
30.11.2011,91.81
01.12.2011,91.79
02.12.2011,91.98
05.12.2011,91.65
06.12.2011,92.28
07.12.2011,92.7
08.12.2011,93.16
09.12.2011,94.22
12.12.2011,94.66
13.12.2011,94.19
14.12.2011,93.82
15.12.2011,94.33
16.12.2011,93.7
19.12.2011,93.46
20.12.2011,94.98
21.12.2011,95.35
22.12.2011,94.77
23.12.2011,96.26
27.12.2011,96.64
28.12.2011,95.71
29.12.2011,96.89
30.12.2011,96.43
03.01.2012,95
04.01.2012,95.53
05.01.2012,95.95
06.01.2012,96.69
09.01.2012,95.77
10.01.2012,95.83
11.01.2012,96.05
12.01.2012,96.66
13.01.2012,96.45
17.01.2012,96.64
18.01.2012,97.62
19.01.2012,97.33
20.01.2012,97.79
23.01.2012,97.03
24.01.2012,94.91
25.01.2012,95.38
26.01.2012,95.33
27.01.2012,94.86
30.01.2012,94.86
31.01.2012,95.2
01.02.2012,94.58
02.02.2012,94.79
03.02.2012,96.13
06.02.2012,95.63
07.02.2012,96.99
08.02.2012,96.16
09.02.2012,96.11
10.02.2012,95.61
13.02.2012,95.78
14.02.2012,95.68
15.02.2012,94.78
16.02.2012,95.41
17.02.2012,96.11
21.02.2012,96.59
22.02.2012,96.75
23.02.2012,96.89
24.02.2012,96.42
27.02.2012,96.46
28.02.2012,96.58
29.02.2012,96.09
01.03.2012,96.07
02.03.2012,96.31
05.03.2012,96.73
06.03.2012,96.68
07.03.2012,96.97
08.03.2012,93.85
09.03.2012,93.73
12.03.2012,93.56
13.03.2012,93.67
14.03.2012,94.17
15.03.2012,94.89
16.03.2012,94.53
19.03.2012,94.59
20.03.2012,94.52
21.03.2012,93.62
22.03.2012,92.73
23.03.2012,92.48
26.03.2012,93.86
27.03.2012,94.22
28.03.2012,93.97
29.03.2012,94.51
30.03.2012,94.95
02.04.2012,95.2
03.04.2012,96.21
04.04.2012,94.35
05.04.2012,95.46
09.04.2012,95.71
10.04.2012,94.54
11.04.2012,95.4
12.04.2012,94.51
13.04.2012,93.86
16.04.2012,93.48
17.04.2012,93.99
18.04.2012,94.22
19.04.2012,92.22
20.04.2012,92.86
23.04.2012,92.14
24.04.2012,91.56
25.04.2012,92.16
26.04.2012,92.76
27.04.2012,94.26
30.04.2012,94.32
01.05.2012,94.08
02.05.2012,94.38
03.05.2012,93.93
04.05.2012,92.79
07.05.2012,92.45
08.05.2012,90.55
09.05.2012,88.98
10.05.2012,88.92
11.05.2012,88.95
14.05.2012,87.96
15.05.2012,88.09
16.05.2012,88.5
17.05.2012,86.74
18.05.2012,86.97
21.05.2012,88.34
22.05.2012,88.41
23.05.2012,88.54
24.05.2012,88.59
25.05.2012,88.13
29.05.2012,87.98
30.05.2012,87.22
31.05.2012,87.15
01.06.2012,84.58
04.06.2012,84.2
05.06.2012,84.95
06.06.2012,86.49
07.06.2012,86.21
08.06.2012,85.6
11.06.2012,84.47
12.06.2012,85.37
13.06.2012,85.81
14.06.2012,87.52
15.06.2012,88.28
18.06.2012,88.03
19.06.2012,87.4
20.06.2012,86.48
21.06.2012,85.49
22.06.2012,86.18
25.06.2012,85.96
26.06.2012,86.92
27.06.2012,86.17
28.06.2012,86.02
29.06.2012,86.36
02.07.2012,85.92
03.07.2012,86.41
05.07.2012,87.11
06.07.2012,87.46
09.07.2012,87.6
10.07.2012,88.04
11.07.2012,87.34
12.07.2012,89.68
13.07.2012,90.03
16.07.2012,89.4
17.07.2012,89.64
18.07.2012,89.96
19.07.2012,90.49
20.07.2012,89.34
23.07.2012,86.76
24.07.2012,85.9
25.07.2012,85.88
26.07.2012,86.82
27.07.2012,87
30.07.2012,87.14
31.07.2012,87.17
01.08.2012,87.24
02.08.2012,87.39
03.08.2012,87.39
06.08.2012,87.49
07.08.2012,86.83
08.08.2012,85.38
09.08.2012,85.01
10.08.2012,86.04
13.08.2012,85.75
14.08.2012,85.96
15.08.2012,85.66
16.08.2012,85.32
17.08.2012,85.22
20.08.2012,86.01
21.08.2012,86.35
22.08.2012,86.38
23.08.2012,86.09
24.08.2012,86.74
27.08.2012,87.35
28.08.2012,86.96
29.08.2012,87.45
30.08.2012,87.21
31.08.2012,87.98
04.09.2012,87.55
05.09.2012,87.56
06.09.2012,89.14
07.09.2012,89.49
10.09.2012,89.76
11.09.2012,89.67
12.09.2012,89.29
13.09.2012,90.03
14.09.2012,90.16
17.09.2012,90.59
18.09.2012,91.51
19.09.2012,91.27
20.09.2012,91.58
21.09.2012,92.13
24.09.2012,92.13
25.09.2012,91.3
26.09.2012,91.63
27.09.2012,91.7
28.09.2012,90.21
01.10.2012,90.44
02.10.2012,89.4
03.10.2012,88.83
04.10.2012,89.5
05.10.2012,89.47
08.10.2012,90
09.10.2012,90.56
10.10.2012,90.84
11.10.2012,90.81
12.10.2012,90.95
15.10.2012,91.93
16.10.2012,92.51
17.10.2012,92.1
18.10.2012,91.3
19.10.2012,87.23
22.10.2012,86.96
23.10.2012,86.48
24.10.2012,85.81
25.10.2012,85.86
26.10.2012,85.25
31.10.2012,85.34
01.11.2012,85.34
02.11.2012,85.4
05.11.2012,85.99
06.11.2012,86.49
07.11.2012,85.4
08.11.2012,83.7
09.11.2012,83.31
12.11.2012,83.45
13.11.2012,83.22
14.11.2012,83.2
15.11.2012,82.64
16.11.2012,82.7
19.11.2012,83.61
20.11.2012,84.24
21.11.2012,84.56
23.11.2012,85.58
26.11.2012,84.79
27.11.2012,84.47
28.11.2012,85.06
29.11.2012,85.8
30.11.2012,86.34
03.12.2012,86.36
04.12.2012,86.5
05.12.2012,86.27
06.12.2012,87.39
07.12.2012,87.77
10.12.2012,88.69
11.12.2012,88.9
12.12.2012,88.6
13.12.2012,88.46
14.12.2012,88.17
17.12.2012,89.19
18.12.2012,89.8
19.12.2012,88.99
20.12.2012,89.32
21.12.2012,89.46
24.12.2012,88.58
26.12.2012,88.03
27.12.2012,88.01
28.12.2012,86.88
31.12.2012,87.5
02.01.2013,89.4
03.01.2013,89.9
04.01.2013,89.13
07.01.2013,90.18
08.01.2013,90.21
09.01.2013,90.08
10.01.2013,90.67
11.01.2013,91
14.01.2013,90.8
15.01.2013,90.78
16.01.2013,90.37
17.01.2013,91.03
18.01.2013,91.52
22.01.2013,92.21
23.01.2013,92.73
24.01.2013,92.56
25.01.2013,92.97
28.01.2013,93.6
29.01.2013,94.16
30.01.2013,93.91
31.01.2013,94.53
01.02.2013,95.18
04.02.2013,93.84
05.02.2013,94.15
06.02.2013,94.31
07.02.2013,93.87
08.02.2013,94.11
11.02.2013,94.41
12.02.2013,94.34
13.02.2013,93.25
14.02.2013,92.81
15.02.2013,93.15
19.02.2013,93.1
20.02.2013,93.16
21.02.2013,93.39
22.02.2013,94.49
25.02.2013,95.37
26.02.2013,95.45
27.02.2013,95.73
28.02.2013,95.9
01.03.2013,95.68
04.03.2013,95.07
05.03.2013,95.81
06.03.2013,96.81
07.03.2013,97.09
08.03.2013,98.71
11.03.2013,98.89
12.03.2013,98.76
13.03.2013,99.38
14.03.2013,99.31
15.03.2013,99.67
18.03.2013,98.57
19.03.2013,98.4
20.03.2013,98.77
21.03.2013,98.53
22.03.2013,99.27
25.03.2013,98.24
26.03.2013,98.5
27.03.2013,98.9
28.03.2013,99.69
01.04.2013,99.05
02.04.2013,100.26
03.04.2013,99.25
04.04.2013,100.63
05.04.2013,101.42
08.04.2013,101.5
09.04.2013,101.06
10.04.2013,101.49
11.04.2013,101.99
12.04.2013,103.59
15.04.2013,102.15
16.04.2013,103.04
17.04.2013,102.54
18.04.2013,101.91
19.04.2013,99.92
22.04.2013,99.32
23.04.2013,99.76
24.04.2013,101.02
